project,bug
Chart,1
Chart,10
Chart,11
Chart,12
Chart,13
Chart,14
Chart,15
Chart,16
Chart,17
Chart,18
Chart,19
Chart,2
Chart,21
Chart,23
Chart,24
Chart,25
Chart,26
Chart,3
Chart,4
Chart,5
Chart,6
Chart,7
Chart,8
Chart,9
Cli,10
Cli,11
Cli,12
Cli,15
Cli,17
Cli,18
Cli,19
Cli,2
Cli,20
Cli,22
Cli,23
Cli,24
Cli,26
Cli,27
Cli,28
Cli,29
Cli,30
Cli,32
Cli,34
Cli,35
Cli,36
Cli,37
Cli,38
Cli,4
Cli,40
Cli,5
Cli,7
Cli,9
Closure,1
Closure,10
Closure,11
Closure,12
Closure,13
Closure,14
Closure,15
Closure,16
Closure,17
Closure,2
Closure,21
Closure,22
Closure,23
Closure,24
Closure,25
Closure,26
Closure,27
Closure,28
Closure,29
Closure,3
Closure,30
Closure,32
Closure,34
Closure,35
Closure,36
Closure,38
Closure,39
Closure,4
Closure,40
Closure,42
Closure,43
Closure,44
Closure,45
Closure,47
Closure,5
Closure,6
Closure,8
Closure,9
Compress,18
Compress,19
Compress,20
Compress,21
Compress,22
Compress,23
Compress,24
Compress,25
Compress,26
Compress,27
Compress,28
Compress,29
Compress,30
Compress,31
Compress,32
Compress,34
Compress,35
Compress,36
Compress,37
Compress,38
Compress,39
Compress,40
Compress,41
Compress,42
Compress,43
Compress,44
Compress,45
Compress,46
Compress,47
Csv,1
Csv,10
Csv,12
Csv,13
Csv,14
Csv,15
Csv,3
Csv,8
Gson,1
Gson,10
Gson,11
Gson,12
Gson,13
Gson,15
Gson,17
Gson,2
Gson,3
Gson,4
Gson,5
Gson,6
Gson,7
Gson,9
JacksonCore,1
JacksonCore,10
JacksonCore,11
JacksonCore,13
JacksonCore,14
JacksonCore,15
JacksonCore,17
JacksonCore,18
JacksonCore,2
JacksonCore,20
JacksonCore,21
JacksonCore,22
JacksonCore,23
JacksonCore,24
JacksonCore,25
JacksonCore,3
JacksonCore,4
JacksonCore,5
JacksonCore,6
JacksonCore,7
JacksonCore,8
JacksonCore,9
JacksonDatabind,1
JacksonDatabind,100
JacksonDatabind,101
JacksonDatabind,102
JacksonDatabind,105
JacksonDatabind,106
JacksonDatabind,107
JacksonDatabind,11
JacksonDatabind,110
JacksonDatabind,112
JacksonDatabind,12
JacksonDatabind,13
JacksonDatabind,19
JacksonDatabind,2
JacksonDatabind,23
JacksonDatabind,24
JacksonDatabind,26
JacksonDatabind,27
JacksonDatabind,29
JacksonDatabind,3
JacksonDatabind,32
JacksonDatabind,34
JacksonDatabind,35
JacksonDatabind,37
JacksonDatabind,38
JacksonDatabind,39
JacksonDatabind,4
JacksonDatabind,40
JacksonDatabind,41
JacksonDatabind,42
JacksonDatabind,43
JacksonDatabind,45
JacksonDatabind,47
JacksonDatabind,48
JacksonDatabind,49
JacksonDatabind,5
JacksonDatabind,51
JacksonDatabind,54
JacksonDatabind,57
JacksonDatabind,58
JacksonDatabind,6
JacksonDatabind,62
JacksonDatabind,63
JacksonDatabind,64
JacksonDatabind,65
JacksonDatabind,66
JacksonDatabind,67
JacksonDatabind,68
JacksonDatabind,69
JacksonDatabind,7
JacksonDatabind,71
JacksonDatabind,72
JacksonDatabind,74
JacksonDatabind,76
JacksonDatabind,8
JacksonDatabind,80
JacksonDatabind,81
JacksonDatabind,82
JacksonDatabind,83
JacksonDatabind,84
JacksonDatabind,85
JacksonDatabind,86
JacksonDatabind,88
JacksonDatabind,89
JacksonDatabind,9
JacksonDatabind,90
JacksonDatabind,91
JacksonDatabind,92
JacksonDatabind,93
JacksonDatabind,94
JacksonDatabind,95
JacksonDatabind,96
JacksonDatabind,97
JacksonDatabind,98
JacksonDatabind,99
JacksonXml,1
JacksonXml,2
JacksonXml,3
JacksonXml,4
JacksonXml,5
JacksonXml,6
Jsoup,12
Jsoup,15
Jsoup,16
Jsoup,17
Jsoup,19
Jsoup,2
Jsoup,20
Jsoup,24
Jsoup,25
Jsoup,26
Jsoup,27
Jsoup,29
Jsoup,33
Jsoup,34
Jsoup,35
Jsoup,36
Jsoup,38
Jsoup,39
Jsoup,4
Jsoup,40
Jsoup,42
Jsoup,44
Jsoup,45
Jsoup,46
Jsoup,47
Jsoup,48
Jsoup,5
Jsoup,50
Jsoup,52
Jsoup,53
Jsoup,54
Jsoup,55
Jsoup,59
Jsoup,6
Jsoup,60
Jsoup,62
Jsoup,64
Jsoup,65
Jsoup,66
Jsoup,68
Jsoup,69
Jsoup,7
Jsoup,70
Jsoup,72
Jsoup,73
Jsoup,75
Jsoup,76
Jsoup,77
Jsoup,78
Jsoup,79
Jsoup,80
Jsoup,81
Jsoup,82
Jsoup,83
Jsoup,86
Jsoup,9
Jsoup,90
Jsoup,93
JxPath,1
JxPath,10
JxPath,11
JxPath,15
JxPath,16
JxPath,17
JxPath,18
JxPath,20
JxPath,21
JxPath,3
JxPath,6
JxPath,8
Lang,1
Lang,10
Lang,11
Lang,12
Lang,13
Lang,15
Lang,16
Lang,17
Lang,19
Lang,21
Lang,22
Lang,23
Lang,24
Lang,25
Lang,26
Lang,27
Lang,28
Lang,3
Lang,35
Lang,36
Lang,39
Lang,4
Lang,43
Lang,44
Lang,45
Lang,46
Lang,47
Lang,48
Lang,49
Lang,5
Lang,50
Lang,51
Lang,52
Lang,54
Lang,55
Lang,56
Lang,58
Lang,59
Lang,61
Lang,63
Lang,64
Lang,7
Lang,8
Lang,9
Math,1
Math,2
